      <bitmap id="DispMapData0" name="DispMapData0" import="0mapper.png"/>
      <bitmap id="DispSelData0" name="DispSelData0" import="0mapper2.png"/>
      <bitmap id="DispLightData0" name="DispLightData0" import="0light.png"/>
      <bitmap id="DispDarkData0" name="DispDarkData0" import="0dark.png"/>
      <bitmap id="DispTransparentData0" name="DispTransparentData0" import="0neutral.jpg"/>
      <bitmap id="DispMapData1" name="DispMapData1" import="1mapper.png"/>
      <bitmap id="DispSelData1" name="DispSelData1" import="1mapper2.png"/>
      <bitmap id="DispLightData1" name="DispLightData1" import="1light.png"/>
      <bitmap id="DispDarkData1" name="DispDarkData1" import="1dark.png"/>
      <bitmap id="DispTransparentData1" name="DispTransparentData1" import="1neutral.jpg"/>
      <bitmap id="DispMapData2" name="DispMapData2" import="2mapper.png"/>
      <bitmap id="DispSelData2" name="DispSelData2" import="2mapper2.png"/>
      <bitmap id="DispLightData2" name="DispLightData2" import="2light.png"/>
      <bitmap id="DispDarkData2" name="DispDarkData2" import="2dark.png"/>
      <bitmap id="DispTransparentData2" name="DispTransparentData2" import="2neutral.jpg"/>
      <bitmap id="DispMapData3" name="DispMapData3" import="3mapper.png"/>
      <bitmap id="DispSelData3" name="DispSelData3" import="3mapper2.png"/>
      <bitmap id="DispLightData3" name="DispLightData3" import="3light.png"/>
      <bitmap id="DispDarkData3" name="DispDarkData3" import="3dark.png"/>
      <bitmap id="DispTransparentData3" name="DispTransparentData3" import="3neutral.jpg"/>
      <bitmap id="DispMapData4" name="DispMapData4" import="4mapper.png"/>
      <bitmap id="DispSelData4" name="DispSelData4" import="4mapper2.png"/>
      <bitmap id="DispLightData4" name="DispLightData4" import="4light.png"/>
      <bitmap id="DispDarkData4" name="DispDarkData4" import="4dark.png"/>
      <bitmap id="DispTransparentData4" name="DispTransparentData4" import="4neutral.jpg"/>
      <bitmap id="DispMapData5" name="DispMapData5" import="5mapper.png"/>
      <bitmap id="DispSelData5" name="DispSelData5" import="5mapper2.png"/>
      <bitmap id="DispLightData5" name="DispLightData5" import="5light.png"/>
      <bitmap id="DispDarkData5" name="DispDarkData5" import="5dark.png"/>
      <bitmap id="DispTransparentData5" name="DispTransparentData5" import="5neutral.jpg"/>
      <bitmap id="DispMapData6" name="DispMapData6" import="6mapper.png"/>
      <bitmap id="DispSelData6" name="DispSelData6" import="6mapper2.png"/>
      <bitmap id="DispLightData6" name="DispLightData6" import="6light.png"/>
      <bitmap id="DispDarkData6" name="DispDarkData6" import="6dark.png"/>
      <bitmap id="DispTransparentData6" name="DispTransparentData6" import="6neutral.jpg"/>
      <bitmap id="DispMapData7" name="DispMapData7" import="7mapper.png"/>
      <bitmap id="DispSelData7" name="DispSelData7" import="7mapper2.png"/>
      <bitmap id="DispLightData7" name="DispLightData7" import="7light.png"/>
      <bitmap id="DispDarkData7" name="DispDarkData7" import="7dark.png"/>
      <bitmap id="DispTransparentData7" name="DispTransparentData7" import="7neutral.jpg"/>
      <bitmap id="DispMapData8" name="DispMapData8" import="8mapper.png"/>
      <bitmap id="DispSelData8" name="DispSelData8" import="8mapper2.png"/>
      <bitmap id="DispLightData8" name="DispLightData8" import="8light.png"/>
      <bitmap id="DispDarkData8" name="DispDarkData8" import="8dark.png"/>
      <bitmap id="DispTransparentData8" name="DispTransparentData8" import="8neutral.jpg"/>
      <bitmap id="DispMapData9" name="DispMapData9" import="9mapper.png"/>
      <bitmap id="DispSelData9" name="DispSelData9" import="9mapper2.png"/>
      <bitmap id="DispLightData9" name="DispLightData9" import="9light.png"/>
      <bitmap id="DispDarkData9" name="DispDarkData9" import="9dark.png"/>
      <bitmap id="DispTransparentData9" name="DispTransparentData9" import="9neutral.jpg"/>
      <bitmap id="DispMapData10" name="DispMapData10" import="10mapper.png"/>
      <bitmap id="DispSelData10" name="DispSelData10" import="10mapper2.png"/>
      <bitmap id="DispLightData10" name="DispLightData10" import="10light.png"/>
      <bitmap id="DispDarkData10" name="DispDarkData10" import="10dark.png"/>
      <bitmap id="DispTransparentData10" name="DispTransparentData10" import="10neutral.jpg"/>
      <bitmap id="DispMapData11" name="DispMapData11" import="11mapper.png"/>
      <bitmap id="DispSelData11" name="DispSelData11" import="11mapper2.png"/>
      <bitmap id="DispLightData11" name="DispLightData11" import="11light.png"/>
      <bitmap id="DispDarkData11" name="DispDarkData11" import="11dark.png"/>
      <bitmap id="DispTransparentData11" name="DispTransparentData11" import="11neutral.jpg"/>
      <bitmap id="DispMapData12" name="DispMapData12" import="12mapper.png"/>
      <bitmap id="DispSelData12" name="DispSelData12" import="12mapper2.png"/>
      <bitmap id="DispLightData12" name="DispLightData12" import="12light.png"/>
      <bitmap id="DispDarkData12" name="DispDarkData12" import="12dark.png"/>
      <bitmap id="DispTransparentData12" name="DispTransparentData12" import="12neutral.jpg"/>
      <bitmap id="DispMapData13" name="DispMapData13" import="13mapper.png"/>
      <bitmap id="DispSelData13" name="DispSelData13" import="13mapper2.png"/>
      <bitmap id="DispLightData13" name="DispLightData13" import="13light.png"/>
      <bitmap id="DispDarkData13" name="DispDarkData13" import="13dark.png"/>
      <bitmap id="DispTransparentData13" name="DispTransparentData13" import="13neutral.jpg"/>
      <bitmap id="DispMapData14" name="DispMapData14" import="14mapper.png"/>
      <bitmap id="DispSelData14" name="DispSelData14" import="14mapper2.png"/>
      <bitmap id="DispLightData14" name="DispLightData14" import="14light.png"/>
      <bitmap id="DispDarkData14" name="DispDarkData14" import="14dark.png"/>
      <bitmap id="DispTransparentData14" name="DispTransparentData14" import="14neutral.jpg"/>
      <bitmap id="DispMapData15" name="DispMapData15" import="15mapper.png"/>
      <bitmap id="DispSelData15" name="DispSelData15" import="15mapper2.png"/>
      <bitmap id="DispLightData15" name="DispLightData15" import="15light.png"/>
      <bitmap id="DispDarkData15" name="DispDarkData15" import="15dark.png"/>
      <bitmap id="DispTransparentData15" name="DispTransparentData15" import="15neutral.jpg"/>
      <bitmap id="DispMapData16" name="DispMapData16" import="16mapper.png"/>
      <bitmap id="DispSelData16" name="DispSelData16" import="16mapper2.png"/>
      <bitmap id="DispLightData16" name="DispLightData16" import="16light.png"/>
      <bitmap id="DispDarkData16" name="DispDarkData16" import="16dark.png"/>
      <bitmap id="DispTransparentData16" name="DispTransparentData16" import="16neutral.jpg"/>
      <bitmap id="DispMapData17" name="DispMapData17" import="17mapper.png"/>
      <bitmap id="DispSelData17" name="DispSelData17" import="17mapper2.png"/>
      <bitmap id="DispLightData17" name="DispLightData17" import="17light.png"/>
      <bitmap id="DispDarkData17" name="DispDarkData17" import="17dark.png"/>
      <bitmap id="DispTransparentData17" name="DispTransparentData17" import="17neutral.jpg"/>
      <bitmap id="DispMapData18" name="DispMapData18" import="18mapper.png"/>
      <bitmap id="DispSelData18" name="DispSelData18" import="18mapper2.png"/>
      <bitmap id="DispLightData18" name="DispLightData18" import="18light.png"/>
      <bitmap id="DispDarkData18" name="DispDarkData18" import="18dark.png"/>
      <bitmap id="DispTransparentData18" name="DispTransparentData18" import="18neutral.jpg"/>
      <bitmap id="DispMapData19" name="DispMapData19" import="19mapper.png"/>
      <bitmap id="DispSelData19" name="DispSelData19" import="19mapper2.png"/>
      <bitmap id="DispLightData19" name="DispLightData19" import="19light.png"/>
      <bitmap id="DispDarkData19" name="DispDarkData19" import="19dark.png"/>
      <bitmap id="DispTransparentData19" name="DispTransparentData19" import="19neutral.jpg"/>
      <bitmap id="DispMapData20" name="DispMapData20" import="20mapper.png"/>
      <bitmap id="DispSelData20" name="DispSelData20" import="20mapper2.png"/>
      <bitmap id="DispLightData20" name="DispLightData20" import="20light.png"/>
      <bitmap id="DispDarkData20" name="DispDarkData20" import="20dark.png"/>
      <bitmap id="DispTransparentData20" name="DispTransparentData20" import="20neutral.jpg"/>
      <bitmap id="DispMapData21" name="DispMapData21" import="21mapper.png"/>
      <bitmap id="DispSelData21" name="DispSelData21" import="21mapper2.png"/>
      <bitmap id="DispLightData21" name="DispLightData21" import="21light.png"/>
      <bitmap id="DispDarkData21" name="DispDarkData21" import="21dark.png"/>
      <bitmap id="DispTransparentData21" name="DispTransparentData21" import="21neutral.jpg"/>
      <bitmap id="DispMapData22" name="DispMapData22" import="22mapper.png"/>
      <bitmap id="DispSelData22" name="DispSelData22" import="22mapper2.png"/>
      <bitmap id="DispLightData22" name="DispLightData22" import="22light.png"/>
      <bitmap id="DispDarkData22" name="DispDarkData22" import="22dark.png"/>
      <bitmap id="DispTransparentData22" name="DispTransparentData22" import="22neutral.jpg"/>
      <bitmap id="DispMapData23" name="DispMapData23" import="23mapper.png"/>
      <bitmap id="DispSelData23" name="DispSelData23" import="23mapper2.png"/>
      <bitmap id="DispLightData23" name="DispLightData23" import="23light.png"/>
      <bitmap id="DispDarkData23" name="DispDarkData23" import="23dark.png"/>
      <bitmap id="DispTransparentData23" name="DispTransparentData23" import="23neutral.jpg"/>
      <bitmap id="DispMapData24" name="DispMapData24" import="24mapper.png"/>
      <bitmap id="DispSelData24" name="DispSelData24" import="24mapper2.png"/>
      <bitmap id="DispLightData24" name="DispLightData24" import="24light.png"/>
      <bitmap id="DispDarkData24" name="DispDarkData24" import="24dark.png"/>
      <bitmap id="DispTransparentData24" name="DispTransparentData24" import="24neutral.jpg"/>
      <bitmap id="DispMapData25" name="DispMapData25" import="25mapper.png"/>
      <bitmap id="DispSelData25" name="DispSelData25" import="25mapper2.png"/>
      <bitmap id="DispLightData25" name="DispLightData25" import="25light.png"/>
      <bitmap id="DispDarkData25" name="DispDarkData25" import="25dark.png"/>
      <bitmap id="DispTransparentData25" name="DispTransparentData25" import="25neutral.jpg"/>
      <bitmap id="DispMapData26" name="DispMapData26" import="26mapper.png"/>
      <bitmap id="DispSelData26" name="DispSelData26" import="26mapper2.png"/>
      <bitmap id="DispLightData26" name="DispLightData26" import="26light.png"/>
      <bitmap id="DispDarkData26" name="DispDarkData26" import="26dark.png"/>
      <bitmap id="DispTransparentData26" name="DispTransparentData26" import="26neutral.jpg"/>
      <bitmap id="DispMapData27" name="DispMapData27" import="27mapper.png"/>
      <bitmap id="DispSelData27" name="DispSelData27" import="27mapper2.png"/>
      <bitmap id="DispLightData27" name="DispLightData27" import="27light.png"/>
      <bitmap id="DispDarkData27" name="DispDarkData27" import="27dark.png"/>
      <bitmap id="DispTransparentData27" name="DispTransparentData27" import="27neutral.jpg"/>
      <bitmap id="DispMapData28" name="DispMapData28" import="28mapper.png"/>
      <bitmap id="DispSelData28" name="DispSelData28" import="28mapper2.png"/>
      <bitmap id="DispLightData28" name="DispLightData28" import="28light.png"/>
      <bitmap id="DispDarkData28" name="DispDarkData28" import="28dark.png"/>
      <bitmap id="DispTransparentData28" name="DispTransparentData28" import="28neutral.jpg"/>
      <bitmap id="DispMapData29" name="DispMapData29" import="29mapper.png"/>
      <bitmap id="DispSelData29" name="DispSelData29" import="29mapper2.png"/>
      <bitmap id="DispLightData29" name="DispLightData29" import="29light.png"/>
      <bitmap id="DispDarkData29" name="DispDarkData29" import="29dark.png"/>
      <bitmap id="DispTransparentData29" name="DispTransparentData29" import="29neutral.jpg"/>
      <bitmap id="DispMapData30" name="DispMapData30" import="30mapper.png"/>
      <bitmap id="DispSelData30" name="DispSelData30" import="30mapper2.png"/>
      <bitmap id="DispLightData30" name="DispLightData30" import="30light.png"/>
      <bitmap id="DispDarkData30" name="DispDarkData30" import="30dark.png"/>
      <bitmap id="DispTransparentData30" name="DispTransparentData30" import="30neutral.jpg"/>
      <bitmap id="DispMapData31" name="DispMapData31" import="31mapper.png"/>
      <bitmap id="DispSelData31" name="DispSelData31" import="31mapper2.png"/>
      <bitmap id="DispLightData31" name="DispLightData31" import="31light.png"/>
      <bitmap id="DispDarkData31" name="DispDarkData31" import="31dark.png"/>
      <bitmap id="DispTransparentData31" name="DispTransparentData31" import="31neutral.jpg"/>
      <bitmap id="DispMapData32" name="DispMapData32" import="32mapper.png"/>
      <bitmap id="DispSelData32" name="DispSelData32" import="32mapper2.png"/>
      <bitmap id="DispLightData32" name="DispLightData32" import="32light.png"/>
      <bitmap id="DispDarkData32" name="DispDarkData32" import="32dark.png"/>
      <bitmap id="DispTransparentData32" name="DispTransparentData32" import="32neutral.jpg"/>
      <bitmap id="DispMapData33" name="DispMapData33" import="33mapper.png"/>
      <bitmap id="DispSelData33" name="DispSelData33" import="33mapper2.png"/>
      <bitmap id="DispLightData33" name="DispLightData33" import="33light.png"/>
      <bitmap id="DispDarkData33" name="DispDarkData33" import="33dark.png"/>
      <bitmap id="DispTransparentData33" name="DispTransparentData33" import="33neutral.jpg"/>
      <bitmap id="DispMapData34" name="DispMapData34" import="34mapper.png"/>
      <bitmap id="DispSelData34" name="DispSelData34" import="34mapper2.png"/>
      <bitmap id="DispLightData34" name="DispLightData34" import="34light.png"/>
      <bitmap id="DispDarkData34" name="DispDarkData34" import="34dark.png"/>
      <bitmap id="DispTransparentData34" name="DispTransparentData34" import="34neutral.jpg"/>
      <bitmap id="DispMapData35" name="DispMapData35" import="35mapper.png"/>
      <bitmap id="DispSelData35" name="DispSelData35" import="35mapper2.png"/>
      <bitmap id="DispLightData35" name="DispLightData35" import="35light.png"/>
      <bitmap id="DispDarkData35" name="DispDarkData35" import="35dark.png"/>
      <bitmap id="DispTransparentData35" name="DispTransparentData35" import="35neutral.jpg"/>
      <bitmap id="DispMapData36" name="DispMapData36" import="36mapper.png"/>
      <bitmap id="DispSelData36" name="DispSelData36" import="36mapper2.png"/>
      <bitmap id="DispLightData36" name="DispLightData36" import="36light.png"/>
      <bitmap id="DispDarkData36" name="DispDarkData36" import="36dark.png"/>
      <bitmap id="DispTransparentData36" name="DispTransparentData36" import="36neutral.jpg"/>
      <bitmap id="DispMapData37" name="DispMapData37" import="37mapper.png"/>
      <bitmap id="DispSelData37" name="DispSelData37" import="37mapper2.png"/>
      <bitmap id="DispLightData37" name="DispLightData37" import="37light.png"/>
      <bitmap id="DispDarkData37" name="DispDarkData37" import="37dark.png"/>
      <bitmap id="DispTransparentData37" name="DispTransparentData37" import="37neutral.jpg"/>
      <bitmap id="DispMapData38" name="DispMapData38" import="38mapper.png"/>
      <bitmap id="DispSelData38" name="DispSelData38" import="38mapper2.png"/>
      <bitmap id="DispLightData38" name="DispLightData38" import="38light.png"/>
      <bitmap id="DispDarkData38" name="DispDarkData38" import="38dark.png"/>
      <bitmap id="DispTransparentData38" name="DispTransparentData38" import="38neutral.jpg"/>
      <bitmap id="DispMapData39" name="DispMapData39" import="39mapper.png"/>
      <bitmap id="DispSelData39" name="DispSelData39" import="39mapper2.png"/>
      <bitmap id="DispLightData39" name="DispLightData39" import="39light.png"/>
      <bitmap id="DispDarkData39" name="DispDarkData39" import="39dark.png"/>
      <bitmap id="DispTransparentData39" name="DispTransparentData39" import="39neutral.jpg"/>
